{
  "version": 1,
  "author": "Anonymous maker",
  "editor": "wokwi",
  "parts": [
    { "type": "board-esp32-devkit-c-v4", "id": "esp", "top": 9.6, "left": -52.76, "attrs": {} },
    {
      "type": "board-ssd1306",
      "id": "oled1",
      "top": 137.54,
      "left": -230.17,
      "attrs": { "i2cAddress": "0x3c" }
    }
  ],
  "connections": [
    [ "esp:TX", "$serialMonitor:RX", "", [] ],
    [ "esp:RX", "$serialMonitor:TX", "", [] ],
    [ "oled1:GND", "esp:GND.1", "black", [ "v-19.2", "h115.2", "v38.4" ] ],
    [ "oled1:VCC", "esp:3V3", "red", [ "v0" ] ],
    [ "oled1:SCL", "esp:22", "green", [ "v-172.8", "h249.9", "v86.4" ] ],
    [ "oled1:SDA", "esp:21", "green", [ "v-9.6", "h76.87", "v105.6", "h163.2", "v-153.6" ] ]
  ],
  "dependencies": {}
}